feature_id,feature_name,importance,feature_category
6413348,SYSTEM:DLL_LOADED:uxtheme.dll,0.050550735602524766,SYSTEM
6412331,SYSTEM:DLL_LOADED:c:\windows\system32\ole32.dll,0.04476411882544011,SYSTEM
214391,REG:READ:HKEY_LOCAL_MACHINE\SOFTWARE\Microsoft\CTF\TIP\{0000897b-83df-4b96-be07-0fb58b01c4a4}\LanguageProfile\0x00000000\{0001bea3-ed56-483d-a2e2-aeae25577436}\Enable,0.032781079543416365,REG
2944930,STRING:!this program cannot be run in dos mode.,0.031658157372980555,STRING
140100,REG:READ:HKEY_CURRENT_USER\Keyboard Layout\Toggle\Language Hotkey,0.025388339163480364,REG
140099,REG:READ:HKEY_CURRENT_USER\Keyboard Layout\Toggle\Hotkey,0.024650399522289243,REG
119780,REG:OPENED:HKEY_LOCAL_MACHINE\Software\Microsoft\CTF\TIP\{0000897b-83df-4b96-be07-0fb58b01c4a4}\LanguageProfile\0x00000000\{0001bea3-ed56-483d-a2e2-aeae25577436},0.024615060548235427,REG
6412800,SYSTEM:DLL_LOADED:dwmapi.dll,0.015483982910901922,SYSTEM
35566,REG:OPENED:HKEY_CURRENT_USER\Software\Microsoft\CTF\LayoutIcon\0409\00020409,0.01506572375498757,REG
237274,REG:READ:HKEY_LOCAL_MACHINE\SOFTWARE\Microsoft\Windows NT\CurrentVersion\ProfileList\S-1-5-21-4114181432-2397392814-2180606575-500\ProfileImagePath,0.01499098721783191,REG
6423452,DROP:EXTENSION:dat,0.014777879728578296,DROP
40475,REG:OPENED:HKEY_CURRENT_USER\Software\Microsoft\Windows\CurrentVersion\Explorer\MountPoints2\CPC\Volume\{748d58f1-7f9a-11ef-945b-806e6f6e6963}\,0.014487562573813385,REG
120875,REG:OPENED:HKEY_LOCAL_MACHINE\Software\Microsoft\Windows NT\CurrentVersion\ProfileList\S-1-5-21-4114181432-2397392814-2180606575-500,0.013986618329175244,REG
140101,REG:READ:HKEY_CURRENT_USER\Keyboard Layout\Toggle\Layout Hotkey,0.013547860672535057,REG
18,API:LdrGetProcedureAddress,0.013255068047653583,API
6412541,SYSTEM:DLL_LOADED:c:\windows\syswow64\msctf.dll,0.013217453255803879,SYSTEM
378629,REG:READ:HKEY_LOCAL_MACHINE\SOFTWARE\Wow6432Node\Microsoft\CTF\EnableAnchorContext,0.011557317576302588,REG
2117027,FILE:OPENED:c:\windows\globalization\sorting\sortdefault.nls,0.011211185163642301,FILE
6413830,SYSTEM:GUID:{56fdf344-fd6d-11d0-958a-006097c9a090},0.011041974686144939,SYSTEM
5143602,STRING:kernel32.dll,0.010991266594466647,STRING
113,API:DrawTextExW,0.010924814220964333,API
153297,REG:READ:HKEY_CURRENT_USER\Software\Microsoft\Windows\CurrentVersion\Explorer\MountPoints2\CPC\Volume\{748d58ed-7f9a-11ef-945b-806e6f6e6963}\Generation,0.010793126901747198,REG
40471,REG:OPENED:HKEY_CURRENT_USER\Software\Microsoft\Windows\CurrentVersion\Explorer\MountPoints2\CPC\Volume\{748d58ed-7f9a-11ef-945b-806e6f6e6963}\,0.010041426448250344,REG
6412506,SYSTEM:DLL_LOADED:c:\windows\system32\xmllite.dll,0.009932456389411693,SYSTEM
40716,REG:OPENED:HKEY_CURRENT_USER\Software\Microsoft\Windows\CurrentVersion\Policies\Explorer,0.009143179174672961,REG
153298,REG:READ:HKEY_CURRENT_USER\Software\Microsoft\Windows\CurrentVersion\Explorer\MountPoints2\CPC\Volume\{748d58ee-7f9a-11ef-945b-806e6f6e6963}\Data,0.008848651394729724,REG
6413071,SYSTEM:DLL_LOADED:msimg32.dll,0.008823077004033562,SYSTEM
1845849,FILE:FAILED:c:\users\administrator\appdata\local\temp,0.00852705826968968,FILE
6413657,SYSTEM:GUID:{2933bf81-7b36-11d2-b20e-00c04f983e60},0.008329562129520195,SYSTEM
6414405,SYSTEM:GUID:{f5078f32-c551-11d3-89b9-0000f81fe221},0.008288201654197764,SYSTEM
34,API:NtAllocateVirtualMemory,0.007826030582560158,API
4296599,STRING:`.rdata,0.00778868480488758,STRING
6468204,SIGNATURE:packer_entropy,0.007772639415970173,SIGNATURE
6412496,SYSTEM:DLL_LOADED:c:\windows\system32\wship6.dll,0.007579325071969394,SYSTEM
133,API:GetDiskFreeSpaceExW,0.00738934477013423,API
4091021,STRING:@.data,0.0072717200463218445,STRING
6428606,DROP:EXTENSION:ini,0.007070874404107628,DROP
6412960,SYSTEM:DLL_LOADED:imm32.dll,0.006893251876274657,SYSTEM
6457239,"DROP:TYPE:pe32_executable_(dll)_(gui)_intel_80386,_for_ms_windows",0.006488503272241954,DROP
100647,REG:OPENED:HKEY_LOCAL_MACHINE\SOFTWARE\Microsoft\CTF\KnownClasses,0.0064105876388338345,REG
6468089,SIGNATURE:antivm_disk_size,0.006394847325628079,SIGNATURE
6412497,SYSTEM:DLL_LOADED:c:\windows\system32\wshtcpip.dll,0.006225288577926975,SYSTEM
153296,REG:READ:HKEY_CURRENT_USER\Software\Microsoft\Windows\CurrentVersion\Explorer\MountPoints2\CPC\Volume\{748d58ed-7f9a-11ef-945b-806e6f6e6963}\Data,0.0061722861876781195,REG
153299,REG:READ:HKEY_CURRENT_USER\Software\Microsoft\Windows\CurrentVersion\Explorer\MountPoints2\CPC\Volume\{748d58ee-7f9a-11ef-945b-806e6f6e6963}\Generation,0.005821209994875312,REG
108,API:FindResourceExW,0.005727549420481577,API
6407551,SYSTEM:DLL_LOADED:advapi32,0.005655668260874488,SYSTEM
122,API:FindWindowW,0.005627787406295575,API
130140,REG:OPENED:HKEY_LOCAL_MACHINE\Software\Policies\Microsoft\Windows\Installer,0.005008343542907988,REG
6423768,DROP:EXTENSION:dll,0.004885584212221832,DROP
60,API:NtWriteFile,0.004598349810640423,API
120874,REG:OPENED:HKEY_LOCAL_MACHINE\Software\Microsoft\Windows NT\CurrentVersion\ProfileList\S-1-5-21-349486357-1417008628-870289929-500,0.004554280036315931,REG
6413307,SYSTEM:DLL_LOADED:sspicli.dll,0.004551528525568329,SYSTEM
4091145,STRING:@.reloc,0.004528060095765812,STRING
153301,REG:READ:HKEY_CURRENT_USER\Software\Microsoft\Windows\CurrentVersion\Explorer\MountPoints2\CPC\Volume\{748d58f1-7f9a-11ef-945b-806e6f6e6963}\Generation,0.004450231630000357,REG
153306,REG:READ:HKEY_CURRENT_USER\Software\Microsoft\Windows\CurrentVersion\Explorer\MountPoints2\CPC\Volume\{7ace8c21-1d34-11ef-b467-806e6f6e6963}\Data,0.004319448032780063,REG
402851,REG:READ:HKEY_LOCAL_MACHINE\SOFTWARE\Wow6432Node\Microsoft\Windows\CurrentVersion\ProgramFilesDir,0.003985203330182387,REG
153305,REG:READ:HKEY_CURRENT_USER\Software\Microsoft\Windows\CurrentVersion\Explorer\MountPoints2\CPC\Volume\{7ace8c1e-1d34-11ef-b467-806e6f6e6963}\Generation,0.003981628412604366,REG
46,API:CreateToolhelp32Snapshot,0.003957044447571365,API
193,API:SendNotifyMessageW,0.0038919434128543585,API
131,API:RegEnumKeyExW,0.0038356920816169644,API
3891252,STRING:</html>,0.0038119181911819254,STRING
402712,REG:READ:HKEY_LOCAL_MACHINE\SOFTWARE\Wow6432Node\Microsoft\Windows\CurrentVersion\CommonFilesDir,0.0037200791042048707,REG
6413363,SYSTEM:DLL_LOADED:version.dll,0.0037003765242693753,SYSTEM
153313,REG:READ:HKEY_CURRENT_USER\Software\Microsoft\Windows\CurrentVersion\Explorer\MountPoints2\CPC\Volume\{887e67ef-1985-11ef-9840-806e6f6e6963}\Generation,0.003576421036868402,REG
5,API:NtProtectVirtualMemory,0.003552395199769261,API
153311,REG:READ:HKEY_CURRENT_USER\Software\Microsoft\Windows\CurrentVersion\Explorer\MountPoints2\CPC\Volume\{887e67ec-1985-11ef-9840-806e6f6e6963}\Generation,0.0034777707677160373,REG
153310,REG:READ:HKEY_CURRENT_USER\Software\Microsoft\Windows\CurrentVersion\Explorer\MountPoints2\CPC\Volume\{887e67ec-1985-11ef-9840-806e6f6e6963}\Data,0.0034423487696511367,REG
40473,REG:OPENED:HKEY_CURRENT_USER\Software\Microsoft\Windows\CurrentVersion\Explorer\MountPoints2\CPC\Volume\{748d58ee-7f9a-11ef-945b-806e6f6e6963}\,0.0033219605594182328,REG
6412971,SYSTEM:DLL_LOADED:iphlpapi,0.0033074781625231954,SYSTEM
2185628,FILE:RECREATED:\??\nsi,0.0032966246112615255,FILE
37,API:NtOpenProcess,0.003256358824034812,API
6412719,SYSTEM:DLL_LOADED:comctl32.dll,0.003231617624007637,SYSTEM
6413337,SYSTEM:DLL_LOADED:urlmon.dll,0.0032068848913732804,SYSTEM
120873,REG:OPENED:HKEY_LOCAL_MACHINE\Software\Microsoft\Windows NT\CurrentVersion\ProfileList\S-1-5-21-1333523494-3206289307-1491016761-500,0.003157925769796189,REG
158,API:NtSetContextThread,0.0030714958527757142,API
6412694,SYSTEM:DLL_LOADED:c:\windows\winsxs\amd64_microsoft.windows.gdiplus_6595b64144ccf1df_1.1.7601.17514_none_2b24536c71ed437a\gdiplus.dll,0.0030431024285161173,SYSTEM
124,API:CreateDirectoryW,0.003034460671230376,API
153303,REG:READ:HKEY_CURRENT_USER\Software\Microsoft\Windows\CurrentVersion\Explorer\MountPoints2\CPC\Volume\{7ace8c1d-1d34-11ef-b467-806e6f6e6963}\Generation,0.0030132295825919054,REG
153312,REG:READ:HKEY_CURRENT_USER\Software\Microsoft\Windows\CurrentVersion\Explorer\MountPoints2\CPC\Volume\{887e67ef-1985-11ef-9840-806e6f6e6963}\Data,0.0029747275155126655,REG
237272,REG:READ:HKEY_LOCAL_MACHINE\SOFTWARE\Microsoft\Windows NT\CurrentVersion\ProfileList\S-1-5-21-349486357-1417008628-870289929-500\ProfileImagePath,0.0029443057114748607,REG
153304,REG:READ:HKEY_CURRENT_USER\Software\Microsoft\Windows\CurrentVersion\Explorer\MountPoints2\CPC\Volume\{7ace8c1e-1d34-11ef-b467-806e6f6e6963}\Data,0.0028052807561790177,REG
2838308,STRING:         (((((                  h,0.002756591795497747,STRING
6468070,SIGNATURE:allocates_rwx,0.002711391264766226,SIGNATURE
237271,REG:READ:HKEY_LOCAL_MACHINE\SOFTWARE\Microsoft\Windows NT\CurrentVersion\ProfileList\S-1-5-21-1333523494-3206289307-1491016761-500\ProfileImagePath,0.002702254083457288,REG
6413238,SYSTEM:DLL_LOADED:riched20.dll,0.002562294611309795,SYSTEM
5643844,STRING:removedirectorya,0.002557969160899372,STRING
153302,REG:READ:HKEY_CURRENT_USER\Software\Microsoft\Windows\CurrentVersion\Explorer\MountPoints2\CPC\Volume\{7ace8c1d-1d34-11ef-b467-806e6f6e6963}\Data,0.002499174700677054,REG
153307,REG:READ:HKEY_CURRENT_USER\Software\Microsoft\Windows\CurrentVersion\Explorer\MountPoints2\CPC\Volume\{7ace8c21-1d34-11ef-b467-806e6f6e6963}\Generation,0.002404231073913309,REG
8,API:CreateProcessInternalW,0.00237380266483814,API
4692708,STRING:entercriticalsection,0.0023324337931015333,STRING
116,API:GetTempPathW,0.002316060427581969,API
104290,REG:OPENED:HKEY_LOCAL_MACHINE\SOFTWARE\Microsoft\Windows NT\CurrentVersion\LanguagePack\SurrogateFallback,0.0023105130547904844,REG
4648709,STRING:e(?(e8b,0.0022558426973738016,STRING
152555,REG:READ:HKEY_CURRENT_USER\Software\Microsoft\Windows NT\CurrentVersion\Windows\DragDelay,0.0022007320556580085,REG
153300,REG:READ:HKEY_CURRENT_USER\Software\Microsoft\Windows\CurrentVersion\Explorer\MountPoints2\CPC\Volume\{748d58f1-7f9a-11ef-945b-806e6f6e6963}\Data,0.002183625002223068,REG
1808559,FILE:FAILED:\device\netbt_tcpip_{846ee342-7039-11de-9d20-806e6f6e6963},0.0020805178860333544,FILE
153309,REG:READ:HKEY_CURRENT_USER\Software\Microsoft\Windows\CurrentVersion\Explorer\MountPoints2\CPC\Volume\{887e67eb-1985-11ef-9840-806e6f6e6963}\Generation,0.0020794642967460215,REG
6468132,SIGNATURE:dead_host,0.002078910203504247,SIGNATURE
6412440,SYSTEM:DLL_LOADED:c:\windows\system32\version.dll,0.0020583001362990284,SYSTEM
63,API:NtQueryKey,0.0020341493935287242,API
136,API:GetSystemWindowsDirectoryW,0.002019471810432909,API
418350,REG:READ:HKEY_LOCAL_MACHINE\SYSTEM\ControlSet001\Control\Nls\Locale\00000409,0.00196739661731548,REG
157355,REG:READ:HKEY_CURRENT_USER\Software\Microsoft\Windows\CurrentVersion\Policies\Explorer\NoDrives,0.0019417181714943205,REG
5020620,STRING:install,0.0019349641103081953,STRING
41,API:CoUninitialize,0.0019311219013280062,API
153308,REG:READ:HKEY_CURRENT_USER\Software\Microsoft\Windows\CurrentVersion\Explorer\MountPoints2\CPC\Volume\{887e67eb-1985-11ef-9840-806e6f6e6963}\Data,0.001910873769926588,REG
5913755,STRING:user32,0.0018950754785579558,STRING
4861106,STRING:getexitcodeprocess,0.0018747319775057197,STRING
119,API:LoadResource,0.0018681050210571913,API
203,API:GetCursorPos,0.001803090305792807,API
4627079,STRING:drdhd7h,0.001795062343760658,STRING
43,API:Process32NextW,0.0017746810324558845,API
4792955,STRING:fileversion,0.001756242780019802,STRING
4930365,STRING:heapalloc,0.0017535413379648527,STRING
94,API:Process32FirstW,0.0017511554865573206,API
6468211,SIGNATURE:persistence_autorun,0.0017507829648399803,SIGNATURE
4540427,STRING:createdirectorya,0.0016801371382788798,STRING
5837953,STRING:translation,0.0016657173840821013,STRING
157,API:NtGetContextThread,0.0016450990739001958,API
4860871,STRING:getcurrentprocessid,0.0016006643800954635,STRING
4612611,STRING:dispose,0.0015886374186344723,STRING
418321,REG:READ:HKEY_LOCAL_MACHINE\SYSTEM\ControlSet001\Control\Nls\Language Groups\1,0.0015793578734338445,REG
59,API:CoCreateInstance,0.00155222717295542,API
35,API:NtQueryInformationFile,0.0015445316831131737,API
6407552,SYSTEM:DLL_LOADED:advapi32.dll,0.0015259693891832005,SYSTEM
6413231,SYSTEM:DLL_LOADED:rasman.dll,0.001512636504566092,SYSTEM
5448852,STRING:originalfilename,0.0014758061755901577,STRING
227164,REG:READ:HKEY_LOCAL_MACHINE\SOFTWARE\Microsoft\OLE\PageAllocatorSystemHeapIsPrivate,0.001473863071373951,REG
5904345,STRING:unhandledexceptionfilter,0.001461405750253236,STRING
40480,REG:OPENED:HKEY_CURRENT_USER\Software\Microsoft\Windows\CurrentVersion\Explorer\MountPoints2\CPC\Volume\{887e67ec-1985-11ef-9840-806e6f6e6963}\,0.001450367514763348,REG
5727511,STRING:shgetmalloc,0.0014367273561985304,STRING
5640158,STRING:readfile,0.001436448198383702,STRING
1924061,FILE:OPENED:c:\,0.0014019022483590102,FILE
3930900,STRING:<head>,0.0013991276945751294,STRING
155,API:WriteProcessMemory,0.001396346485653315,API
4529676,STRING:comctl32.dll,0.0013396415224682808,STRING
6413045,SYSTEM:DLL_LOADED:mpr.dll,0.0013373128946542758,SYSTEM
6468099,SIGNATURE:antivm_queries_computername,0.0013222170270657204,SIGNATURE
40479,REG:OPENED:HKEY_CURRENT_USER\Software\Microsoft\Windows\CurrentVersion\Explorer\MountPoints2\CPC\Volume\{887e67eb-1985-11ef-9840-806e6f6e6963}\,0.0013120106014840184,REG
147747,REG:READ:HKEY_CURRENT_USER\Software\Microsoft\Command Processor\DisableUNCCheck,0.0013112452461316005,REG
2867661,"STRING:    processorarchitecture=""x86""",0.0012266890744000955,STRING
6468169,SIGNATURE:injection_runpe,0.0012161026414114378,SIGNATURE
6468166,SIGNATURE:injection_process_search,0.0012127574401036819,SIGNATURE
130,API:GetSystemDirectoryW,0.0012061248745320757,API
6468170,SIGNATURE:injection_write_memory,0.0011988272686409675,SIGNATURE
4603979,STRING:deletefilea,0.0011955837186785195,STRING
227165,REG:READ:HKEY_LOCAL_MACHINE\SOFTWARE\Microsoft\OLE\PageAllocatorUseSystemHeap,0.001193460699041012,REG
124264,REG:OPENED:HKEY_LOCAL_MACHINE\Software\Microsoft\Windows\CurrentVersion\Installer\UserData,0.0011932188991682433,REG
4296605,STRING:`.rsrc,0.0011783480874445339,STRING
5984385,STRING:vs_version_info,0.0011553311142794254,STRING
414018,REG:READ:HKEY_LOCAL_MACHINE\SOFTWARE\Wow6432Node\Microsoft\Windows\Windows Error Reporting\WMR\Disable,0.001151045219683471,REG
5232615,STRING:lockresource,0.0011469055550381785,STRING
147748,REG:READ:HKEY_CURRENT_USER\Software\Microsoft\Command Processor\EnableExtensions,0.0011430395369755833,REG
4540432,STRING:createdirectoryw,0.0011395856692057664,STRING
6468165,SIGNATURE:injection_ntsetcontextthread,0.0011240368694539703,SIGNATURE
87,API:NtQueryDirectoryFile,0.001120403754487829,API
33,API:GetNativeSystemInfo,0.0011176848968363093,API
4603844,STRING:delete,0.001114189680550312,STRING
5215182,STRING:leavecriticalsection,0.0011077990344458817,STRING
229504,REG:READ:HKEY_LOCAL_MACHINE\SOFTWARE\Microsoft\SQMClient\Windows\DisabledSessions\MachineThrottling,0.001095989066550499,REG
5311043,STRING:mscoree.dll,0.0010910547851422485,STRING
4413990,STRING:b4fhd&b,0.0010746132676486167,STRING
4354710,STRING:accept,0.001068623048290098,STRING
6468069,SIGNATURE:allocates_execute_remote_process,0.0010623585854107583,SIGNATURE
50,API:NtDelayExecution,0.0010533282210402847,API
6468124,SIGNATURE:console_output,0.0010435566927359979,SIGNATURE
195,API:GlobalMemoryStatus,0.0010331085268423434,API
147745,REG:READ:HKEY_CURRENT_USER\Software\Microsoft\Command Processor\DefaultColor,0.0010312875058857082,REG
4576552,STRING:d/;rd'c7crd,0.0010173192211286,STRING
5957765,STRING:varfileinfo,0.0010037923161374908,STRING
148,API:WriteConsoleW,0.0009942816768251537,API
5523423,STRING:productversion,0.0009819230426771517,STRING
5021898,STRING:internalname,0.0009790932453816277,STRING
6412202,SYSTEM:DLL_LOADED:c:\windows\system32\imm32.dll,0.0009512848160308822,SYSTEM
4691748,STRING:enddialog,0.0009322836355148784,STRING
4862293,STRING:gettempfilenamea,0.0009264565826832227,STRING
227,API:RtlAddVectoredExceptionHandler,0.000922157042448477,API
4531820,STRING:contains,0.0009170440626758873,STRING
5723146,STRING:setwindowpos,0.0009137567634218838,STRING
5721668,STRING:setcurrentdirectorya,0.0009132422114730614,STRING
5239860,STRING:lstrlena,0.0009076465282675612,STRING
40753,REG:OPENED:HKEY_CURRENT_USER\Software\Microsoft\Windows\CurrentVersion\Shell Extensions\Cached,0.0009051369081725786,REG
208,API:RemoveDirectoryW,0.0008955394141923662,API
5728263,STRING:showwindow,0.0008934559145791668,STRING
4872738,STRING:globalfree,0.0008828488359682911,STRING
4859513,STRING:get_length,0.0008772630058123783,STRING
120,API:DeviceIoControl,0.0008677749147625062,API
6412885,SYSTEM:DLL_LOADED:gdiplus.dll,0.0008426869158244737,SYSTEM
65,API:GetComputerNameW,0.0008374594231765368,API
4861602,STRING:getmodulefilenamew,0.0008328612866045782,STRING
5910487,STRING:uqpxy]y[,0.0008295118194625013,STRING
5753474,STRING:stringfileinfo,0.000826062341870886,STRING
3853929,STRING:;;b&f7b,0.0007917995129755821,STRING
3363719,STRING:.cctor,0.0007901540457937741,STRING
4862639,STRING:getwindowrect,0.0007893998206597584,STRING
147738,REG:READ:HKEY_CURRENT_USER\Software\Microsoft\Command Processor\AutoRun,0.0007763797225471696,REG
47,API:RegSetValueExW,0.0007647593072104282,API
6159327,STRING:y_^][y,0.0007645677666245263,STRING
4277946,STRING:_initterm,0.0007615968129328152,STRING
40481,REG:OPENED:HKEY_CURRENT_USER\Software\Microsoft\Windows\CurrentVersion\Explorer\MountPoints2\CPC\Volume\{887e67ef-1985-11ef-9840-806e6f6e6963}\,0.0007602578222150221,REG
2850581,STRING:      </requestedprivileges>,0.0007549841169181554,STRING
2872709,STRING:  </trustinfo>,0.0007547393130399398,STRING
6431041,DROP:EXTENSION:log,0.0007484420436566976,DROP
5730890,STRING:sizeofresource,0.0007378187002189923,STRING
4623073,STRING:dosdatetimetofiletime,0.0007355790149160029,STRING
4799048,STRING:flushfilebuffers,0.0007285498519767799,STRING
5031780,STRING:isvalidcodepage,0.0007259921205812241,STRING
3900195,"STRING:<?xml version=""1.0"" encoding=""utf-8"" standalone=""yes""?>",0.0007238263578456512,STRING
4793660,STRING:findfirstfilea,0.0006924114908653444,STRING
4535595,STRING:corexitprocess,0.0006885181123012043,STRING
6413127,SYSTEM:DLL_LOADED:netutils.dll,0.0006842107468144007,SYSTEM
2844099,"STRING:        <requestedexecutionlevel level=""asinvoker"" uiaccess=""false""></requestedexecutionlevel>",0.0006752275817780578,STRING
5643673,STRING:remove,0.0006728888833474473,STRING
4532114,STRING:control,0.0006665246963827605,STRING
5232109,STRING:loadresource,0.0006661634283929733,STRING
5232357,STRING:localfree,0.0006606267393920108,STRING
6468200,SIGNATURE:nolookup_communication,0.0006586315250245495,SIGNATURE
69,API:SHGetFolderPathW,0.0006583047708294447,API
4860789,STRING:getconsolemode,0.0006516645706640449,STRING
6413285,SYSTEM:DLL_LOADED:shlwapi.dll,0.0006439004623694438,SYSTEM
5721824,STRING:setfiletime,0.0006285776020068807,STRING
75,API:NtSetInformationFile,0.0006260182319776935,API
5288405,STRING:memset,0.0006242975462477298,STRING
5312373,STRING:msvbvm60.dll,0.0006230750152782696,STRING
6443496,"DROP:TYPE:ascii_text,_with_crlf_line_terminators",0.0006208723247465869,DROP
5311452,STRING:msi.dll,0.0006180484211118041,STRING
109,API:RegEnumValueW,0.0006165324240410345,API
3375652,STRING:.reloc,0.0006155946307427797,STRING
6056459,STRING:wtsapi32.dll,0.0006097709793685968,STRING
4862183,STRING:getstartupinfow,0.0006079419594645695,STRING
5722372,STRING:settimer,0.000598859550535101,STRING
171,API:GetSystemDirectoryA,0.0005886895947740407,API
5312439,STRING:msvcrt.dll,0.0005771526062068171,STRING
3699511,STRING:7777777,0.0005735199650813316,STRING
5727350,STRING:shell32.dll,0.000569313162472513,STRING
4535738,STRING:cotaskmemfree,0.0005592507024676033,STRING
5970218,STRING:virtualallocex,0.0005398638006051868,STRING
6444748,DROP:TYPE:empty,0.0005376964168238062,DROP
3374141,STRING:.pdata,0.0005338498667673918,STRING
6413338,SYSTEM:DLL_LOADED:user32,0.000533550386476061,SYSTEM
6425224,DROP:EXTENSION:exe,0.0005330915189302262,DROP
4105505,STRING:@h??weldj>,0.0005327241458120191,STRING
5643846,STRING:removedirectoryw,0.0005285799676346323,STRING
6061759,STRING:wwwwww,0.000522417945344494,STRING
39482,REG:OPENED:HKEY_CURRENT_USER\Software\Microsoft\Windows\CurrentVersion\Explorer,0.0005222040974076943,REG
2838699,STRING:         h((((                  h,0.0005174440296148072,STRING
6452112,"DROP:TYPE:little-endian_utf-16_unicode_text,_with_crlf,_cr_line_terminators",0.0005145011168828266,DROP
5727799,STRING:shlwapi.dll,0.0005036772073611695,STRING
111,API:GetFileAttributesExW,0.000500691165578318,API
2625469,DIRECTORY:CREATED:c:\users\administrator,0.000498380172355496,DIRECTORY
1542461,FILE:EXISTS:c:\programdata\microsoft\windows\start menu\programs,0.0004973416919882449,FILE
6468202,SIGNATURE:origin_langid,0.0004935002873424241,SIGNATURE
49,API:GetSystemMetrics,0.0004902327271208118,API
2852128,STRING:      <requestedprivileges>,0.0004899588963462138,STRING
4862303,STRING:gettemppatha,0.00048156003582789964,STRING
6412736,SYSTEM:DLL_LOADED:crypt32.dll,0.0004813588060843388,SYSTEM
4861076,STRING:getenvironmentvariablea,0.0004738585740549466,STRING
5818815,STRING:this program must be run under win32,0.0004723859340919413,STRING
4861139,STRING:getfileattributesa,0.000469585297562815,STRING
5641679,STRING:regclosekey,0.00046532691050863497,STRING
5523325,STRING:productcode,0.0004600467796109528,STRING
2801568,STRING:                                 h,0.00046003810197935293,STRING
4691810,STRING:endpaint,0.0004590476503890599,STRING
131425,REG:OPENED:HKEY_LOCAL_MACHINE\System\Setup,0.0004583818996966701,REG
4530744,STRING:concat,0.00045356673401566674,STRING
6412433,SYSTEM:DLL_LOADED:c:\windows\system32\uxtheme.dll,0.0004487308411473398,SYSTEM
5281136,STRING:malloc,0.00044852335608541234,STRING
2055798,FILE:OPENED:c:\program files\windows nt\accessories\wordpad.exe,0.0004481334219434567,FILE
5002395,STRING:ienumerator,0.00044565887368797503,STRING
5719174,STRING:sendmessagea,0.00043823394162890886,STRING
3362174,STRING:.aspack,0.0004354488659613128,STRING
6457233,"DROP:TYPE:pe32_executable_(dll)_(console)_intel_80386,_for_ms_windows",0.0004344499468717446,DROP
5523673,STRING:programfilesdir,0.0004222650675225488,STRING
401579,REG:READ:HKEY_LOCAL_MACHINE\SOFTWARE\Wow6432Node\Microsoft\Windows NT\CurrentVersion\Windows\LoadAppInit_DLLs,0.0004203637008374733,REG
6062160,STRING:wwwwwx,0.0004192486881321449,STRING
5721727,STRING:setdlgitemtexta,0.0004155501082080272,STRING
4859670,STRING:get_name,0.0004150770376216196,STRING
163,API:RegQueryInfoKeyW,0.0004141734491577644,API
2643480,DIRECTORY:ENUMERATED:c:\perflogs\*.*,0.00041318541310454276,DIRECTORY
4617674,STRING:dllgetversion,0.0004119901735021813,STRING
5022951,STRING:invalidaterect,0.00041144460864668363,STRING
5721755,STRING:setendoffile,0.000411032400994522,STRING
5722641,STRING:setup.exe,0.00040876635646083917,STRING
4861500,STRING:getlogicaldrives,0.0004057736836658113,STRING
235995,REG:READ:HKEY_LOCAL_MACHINE\SOFTWARE\Microsoft\Windows NT\CurrentVersion\FontSubstitutes\MS Shell Dlg,0.0004050495070117255,REG
147762,REG:READ:HKEY_CURRENT_USER\Software\Microsoft\Command Processor\PathCompletionChar,0.00039807812385410244,REG
6468195,SIGNATURE:network_icmp,0.0003972808445975426,SIGNATURE
5437210,STRING:oleaut32.dll,0.00039593648063010044,STRING
5518150,STRING:pppppp,0.0003942969385557318,STRING
6414360,SYSTEM:GUID:{ea1afb91-9e28-4b86-90e9-9e9f8a5eefaf},0.0003941621190186357,SYSTEM
71,API:RegCreateKeyExW,0.0003936138533007002,API
5642246,STRING:regsetvalueexa,0.00038885433682814556,STRING
92,API:RegSetValueExA,0.00038701248385187756,API
4861159,STRING:getfiles,0.000385034570487665,STRING
5722271,STRING:setstdhandle,0.0003813308279438023,STRING
5491559,STRING:padpadp,0.000377375754955148,STRING
4862294,STRING:gettempfilenamew,0.00037724549191628127,STRING
5641710,STRING:regdeletevaluea,0.0003765336807956562,STRING
5445105,STRING:operator,0.00037572319148258045,STRING
5721444,STRING:setbkcolor,0.00036660428067791296,STRING
6443490,DROP:TYPE:ascii_text,0.000363461590694633,DROP
5382756,STRING:ntdll.dll,0.00036273313138047975,STRING
5031901,STRING:iswindowvisible,0.0003616457608817256,STRING
3914518,STRING:<dependency>,0.0003611043534795844,STRING
98,API:UuidCreate,0.0003607879025351239,API
39484,REG:OPENED:HKEY_CURRENT_USER\Software\Microsoft\Windows\CurrentVersion\Explorer\Advanced,0.0003586339474804906,REG
3790169,STRING:9ldict,0.000358205381990131,STRING
6457217,"DROP:TYPE:pe32+_executable_(dll)_(gui)_x86-64,_for_ms_windows",0.0003548743725110277,DROP
5920401,STRING:uvwatauavawh,0.0003533872168564203,STRING
5031896,STRING:iswindow,0.00035271504990278755,STRING
4525101,STRING:cmd.exe,0.0003504769863590069,STRING
4604965,STRING:desktop.ini,0.00034817795302803976,STRING
5526377,STRING:pssssss,0.0003449308958669885,STRING
3889568,STRING:</body>,0.0003446403255250271,STRING
2875351,"STRING:  <trustinfo xmlns=""urn:schemas-microsoft-com:asm.v3"">",0.00034437286595916805,STRING
114,API:GetFileVersionInfoSizeW,0.00034336720390594814,API
5233839,STRING:lookup,0.00034037267260317707,STRING
239745,REG:READ:HKEY_LOCAL_MACHINE\SOFTWARE\Microsoft\Windows\CurrentVersion\DevicePath,0.0003394277518965996,REG
5239853,STRING:lstrcpya,0.0003394165078392721,STRING
2636843,DIRECTORY:ENUMERATED:c:\documents and settings\*.*,0.0003367508051473594,DIRECTORY
159,API:ioctlsocket,0.00033034565055942703,API
4531998,STRING:context,0.0003295740919397233,STRING
1026936,FILE:EXISTS:c:\,0.00032159898109970227,FILE
5212101,STRING:lca<e3,0.00032059652626200194,STRING
4427117,STRING:bad allocation,0.00031816292602482836,STRING
134,API:SetWindowsHookExW,0.0003123247943319197,API
2643483,DIRECTORY:ENUMERATED:c:\perflogs\admin\*.*,0.00031178551664897943,DIRECTORY
186,API:RemoveDirectoryA,0.0003116522130580028,API
4612344,STRING:dispatchmessagea,0.00031024856803468196,STRING
6468163,SIGNATURE:injection_modifies_memory,0.00030862913555122366,SIGNATURE
5721816,STRING:setfilepointerex,0.00030756306906301855,STRING
31844,REG:OPENED:HKEY_CURRENT_USER\Software\Borland\Delphi\Locales,0.00030739026683317204,REG
131181,REG:OPENED:HKEY_LOCAL_MACHINE\System\CurrentControlSet\Control\Class\{4d36e972-e325-11ce-bfc1-08002be10318},0.00030507995598832386,REG
157319,REG:READ:HKEY_CURRENT_USER\Software\Microsoft\Windows\CurrentVersion\Policies\Explorer\AllowFileCLSIDJunctions,0.00030476021914678313,REG
4693015,STRING:enumprocesses,0.0003032416055747376,STRING
178,API:FindResourceA,0.00030159306490500597,API
3310099,STRING:- abort() has been called,0.00030018350838174695,STRING
6052560,STRING:writeconsolew,0.00029627669854889505,STRING
5742347,STRING:special,0.0002930457854566602,STRING
4691338,STRING:enablewindow,0.0002924592633421901,STRING
4434794,STRING:beginpaint,0.00028539487627102385,STRING
4710093,STRING:exe(;2d,0.0002820921334087151,STRING
6457209,"DROP:TYPE:pe32+_executable_(console)_x86-64,_for_ms_windows",0.0002783826015417887,DROP
6412705,SYSTEM:DLL_LOADED:cfgmgr32.dll,0.00027703777114902164,SYSTEM
2625820,DIRECTORY:CREATED:c:\users\administrator\appdata\local\microsoft\windows\wer\reportarchive,0.0002769181868340126,DIRECTORY
6434638,DROP:EXTENSION:png,0.0002746601338712126,DROP
5232303,STRING:locale,0.00027361716278985525,STRING
5749902,STRING:ssvwh ,0.00027325013875967216,STRING
3889369,STRING:</application>,0.00027148210939962036,STRING
5239844,STRING:lstrcata,0.00026903350011056294,STRING
5019674,STRING:initializearray,0.00026797738270483475,STRING
198,API:LoadStringA,0.0002668645436505743,API
2682340,DIRECTORY:ENUMERATED:c:\users\administrator,0.00026679761363553744,DIRECTORY
6468193,SIGNATURE:network_http,0.0002667416141932571,SIGNATURE
4068744,STRING:?da/b6h,0.00026379522016629523,STRING
5239849,STRING:lstrcmpia,0.0002619941110344065,STRING
5970268,STRING:virtualquery,0.00026109573069840557,STRING
4269561,STRING:__based(,0.0002596243456581724,STRING
147744,REG:READ:HKEY_CURRENT_USER\Software\Microsoft\Command Processor\CompletionChar,0.0002581087337835419,REG
4105504,STRING:@h??weldj;,0.0002570527986528844,STRING
3889646,STRING:</dependency>,0.00025644635360964245,STRING
4105775,STRING:@hnfhd,0.00025230459188686316,STRING
6468013,"DROP:TYPE:xml_1.0_document,_ascii_text,_with_very_long_lines,_with_crlf_line_terminators",0.0002518669724846446,DROP
6441505,DROP:EXTENSION:xml,0.0002501827542890463,DROP
4348644,STRING:a_a^a]a\_^],0.0002500847303311811,STRING
131375,REG:OPENED:HKEY_LOCAL_MACHINE\System\CurrentControlSet\Services\LDAP,0.0002494113779662898,REG
110219,REG:OPENED:HKEY_LOCAL_MACHINE\SOFTWARE\Wow6432Node\Microsoft\Windows\CurrentVersion\explorer\FolderDescriptions\{7C5A40EF-A0FB-4BFC-874A-C0F2E0B9FA8E},0.00024539831236391514,REG
6468009,"DROP:TYPE:xml_1.0_document,_ascii_text,_with_crlf_line_terminators",0.00024474082950759994,DROP
4273145,STRING:_cicos,0.0002445887585354054,STRING
4860773,STRING:getconsolecp,0.00024063278590508508,STRING
5021727,STRING:interlockedexchange,0.00023674434984751662,STRING
5208338,STRING:labels,0.00023659385985370173,STRING
6438330,DROP:EXTENSION:ttf,0.0002318583901952402,DROP
6048565,STRING:wow64disablewow64fsredirection,0.00023136863293598146,STRING
5016236,STRING:imagelist_destroy,0.0002313173697095643,STRING
5817603,STRING:the ordinal %u could not be located in the dynamic link library %s,0.00023108758916359385,STRING
2625487,DIRECTORY:CREATED:c:\users\administrator\appdata,0.00023074042492116423,DIRECTORY
5727381,STRING:shellexecutea,0.0002297268166412524,STRING
4862138,STRING:getshortpathnamea,0.0002246192848143763,STRING
5030108,STRING:isdbcsleadbyte,0.00022441286208710855,STRING
4530610,STRING:computehash,0.0002220197671990611,STRING
1927580,FILE:OPENED:c:\program files (x86),0.00021732374257111382,FILE
1668009,FILE:EXISTS:c:\users,0.00021378851823894524,FILE
135,API:GetFileInformationByHandle,0.00021014860948584066,API
64,API:OpenServiceW,0.00020850651686868125,API
2118086,FILE:OPENED:c:\windows\system32,0.00020725179150060406,FILE
5025746,STRING:iphlpapi.dll,0.00020593622768491843,STRING
118,API:GetFileVersionInfoW,0.00020516779800789438,API
5641703,STRING:regdeletekeyexw,0.0002047898560893543,STRING
5645701,STRING:return false;,0.000204707460374462,STRING
6061534,STRING:wwwpws,0.0002044082472275013,STRING
32,API:CreateActCtxW,0.00019933020933357557,API
4540446,STRING:createencryptor,0.0001943149448450379,STRING
5832017,STRING:toarray,0.00019363957632091794,STRING
90,API:OpenSCManagerW,0.0001902448869967285,API
4296534,STRING:`.itext,0.00019021057540142178,STRING
40714,REG:OPENED:HKEY_CURRENT_USER\Software\Microsoft\Windows\CurrentVersion\Policies\Comdlg32,0.00018988919732036583,REG
4540854,STRING:createwindowexa,0.00018847036785494213,STRING
248012,REG:READ:HKEY_LOCAL_MACHINE\SOFTWARE\Microsoft\Windows\CurrentVersion\Policies\Explorer\AllowFileCLSIDJunctions,0.00018735747252473833,REG
5670833,STRING:runtime error     at 00000000,0.00018171365526047315,STRING
229503,REG:READ:HKEY_LOCAL_MACHINE\SOFTWARE\Microsoft\SQMClient\Windows\DisabledSessions\GlobalSession,0.0001806717807646331,REG
147746,REG:READ:HKEY_CURRENT_USER\Software\Microsoft\Command Processor\DelayedExpansion,0.0001794303165715655,REG
225,API:RegDeleteKeyW,0.00017752718666278147,API
4499918,STRING:callwindowproca,0.00017651315340666142,STRING
5474224,STRING:p.rsrc,0.00017211097825429588,STRING
6422071,DROP:EXTENSION:bmp,0.00017183896523804786,DROP
6413093,SYSTEM:DLL_LOADED:msls31.dll,0.0001703085818771791,SYSTEM
4793662,STRING:findfirstfileexw,0.00016729884108980614,STRING
6468080,SIGNATURE:antisandbox_foregroundwindows,0.00016606576492823045,SIGNATURE
6061831,STRING:wwwwwwww,0.0001619948429204863,STRING
4862251,STRING:getsysteminfo,0.0001615224697419368,STRING
6057974,STRING:wuser32.dll,0.00015963078893765575,STRING
5444854,STRING:openmutexw,0.00015808199336991458,STRING
2120452,FILE:OPENED:c:\windows\system32\en-us\netmsg.dll.mui,0.00015463937267626103,FILE
131400,REG:OPENED:HKEY_LOCAL_MACHINE\System\CurrentControlSet\Services\Tcpip\Parameters\Winsock,0.00015321272304596241,REG
5590655,STRING:qqswj0j@,0.00015222130280450789,STRING
2844552,"STRING:        <supportedos id=""{8e0f7a12-bfb3-4fe8-b9a5-48fd50a15a9a}""/>",0.0001517313161928732,STRING
5016235,STRING:imagelist_create,0.00015134980089487633,STRING
5031897,STRING:iswindowenabled,0.00015127359469068518,STRING
66,API:RegCreateKeyExA,0.0001511822976952172,API
131394,REG:OPENED:HKEY_LOCAL_MACHINE\System\CurrentControlSet\Services\Tcpip6\Parameters\Winsock,0.00014947425080867862,REG
153169,REG:READ:HKEY_CURRENT_USER\Software\Microsoft\Windows\CurrentVersion\Explorer\Advanced\UseDoubleClickTimer,0.00014937597604935385,REG
5288318,STRING:memmove,0.00014773056048991606,STRING
5384718,STRING:nullsoftinst,0.00014602948613285404,STRING
2625467,DIRECTORY:CREATED:c:\users,0.00014434204930645656,DIRECTORY
4670103,STRING:eabort,0.0001439377397234059,STRING
157368,REG:READ:HKEY_CURRENT_USER\Software\Microsoft\Windows\CurrentVersion\Policies\Explorer\NoNetConnectDisconnect,0.00014102023537798216,REG
150,API:GetComputerNameA,0.00014095073341168347,API
4038443,STRING:>ldict,0.00014059216841128864,STRING
5518292,STRING:pppppws,0.00013867901698430215,STRING
2633869,DIRECTORY:CREATED:c:\users\administrator\appdata\roaming,0.00013813303224227225,DIRECTORY
4861226,STRING:getfullpathnamea,0.00013764338575765584,STRING
113637,REG:OPENED:HKEY_LOCAL_MACHINE\SYSTEM\CurrentControlSet\Services\Winsock\Setup Migration\Providers,0.00013727837476321732,REG
4738467,STRING:f9:t!v,0.00013479265910902626,STRING
157381,REG:READ:HKEY_CURRENT_USER\Software\Microsoft\Windows\CurrentVersion\Policies\Explorer\NoRun,0.0001327685014776582,REG
6413138,SYSTEM:DLL_LOADED:nsi.dll,0.00013168945193568814,SYSTEM
6457244,"DROP:TYPE:pe32_executable_(dll)_(gui)_intel_80386_(stripped_to_external_pdb),_for_ms_windows",0.00013125432741699532,DROP
6468147,SIGNATURE:exe_appdata,0.0001291067179003908,SIGNATURE
40676,REG:OPENED:HKEY_CURRENT_USER\Software\Microsoft\Windows\CurrentVersion\Internet Settings\Wpad\{68AD045D-A60B-4E2E-BC0E-3B43DE6B671F},0.00012734715641615202,REG
2129256,FILE:READ:\\?\pipe\wkssvc,0.00012606171938952805,FILE
4626980,STRING:drawtexta,0.00012468445481690635,STRING
104300,REG:OPENED:HKEY_LOCAL_MACHINE\SOFTWARE\Microsoft\Windows NT\CurrentVersion\LanguagePack\SurrogateFallback\MS Sans Serif,0.00012316740229257323,REG
5517021,STRING:pp9e u:ppvwp,0.000122748996743337,STRING
2722838,DIRECTORY:ENUMERATED:c:\windows\system32\*.*,0.00011941285200493937,DIRECTORY
2848321,STRING:        },0.00011765318303235873,STRING
5437259,STRING:oleinitialize,0.00011451164866015356,STRING
5817651,STRING:the procedure entry point %s could not be located in the dynamic link library %s,0.00011301479199191472,STRING
3751305,STRING:8ldict,0.00011118330678193754,STRING
157348,REG:READ:HKEY_CURRENT_USER\Software\Microsoft\Windows\CurrentVersion\Policies\Explorer\NoClose,0.00010871885291568189,REG
157376,REG:READ:HKEY_CURRENT_USER\Software\Microsoft\Windows\CurrentVersion\Policies\Explorer\NoRecentDocsHistory,0.00010714733174202668,REG
2120431,FILE:OPENED:c:\windows\system32\en-us\imageres.dll.mui,0.00010549684012342509,FILE
4348636,STRING:a_a^a]a\_,0.00010443764577094144,STRING
4860736,STRING:getcomputernamew,0.00010178906847676205,STRING
5837666,STRING:trackpopupmenu,0.00010078918534884542,STRING
3357783,STRING:.?avexception@std@@,9.920406819952148e-05,STRING
6026544,STRING:watauavawh,9.878366737227069e-05,STRING
3375604,STRING:.rdata$r,9.780253353366728e-05,STRING
113636,REG:OPENED:HKEY_LOCAL_MACHINE\SYSTEM\CurrentControlSet\Services\Winsock\Parameters,9.751269139642806e-05,REG
6440376,DROP:EXTENSION:wav,9.710480268231064e-05,DROP
4541826,STRING:cryptdecrypt,8.911310905432605e-05,STRING
417548,REG:READ:HKEY_LOCAL_MACHINE\SYSTEM\ControlSet001\Control\Nls\CodePage\950,8.769820480885713e-05,REG
110220,REG:OPENED:HKEY_LOCAL_MACHINE\SOFTWARE\Wow6432Node\Microsoft\Windows\CurrentVersion\explorer\FolderDescriptions\{7C5A40EF-A0FB-4BFC-874A-C0F2E0B9FA8E}\PropertyBag,8.573746682270992e-05,REG
112411,REG:OPENED:HKEY_LOCAL_MACHINE\SYSTEM\ControlSet001\services\Winsock\Setup Migration\Providers\Tcpip,8.422365794700766e-05,REG
5722220,STRING:setservicestatus,8.005319410287825e-05,STRING
5231733,STRING:loader error,7.665704851806585e-05,STRING
180,API:SHGetSpecialFolderLocation,7.544025806938785e-05,API
3783330,STRING:9c`u99c\t4,7.512623398428597e-05,STRING
2195841,FILE:WRITTEN:\\?\pipe\wkssvc,7.481513861568417e-05,FILE
6413344,SYSTEM:DLL_LOADED:usp10.dll,7.462819249349112e-05,SYSTEM
3891164,STRING:</form>,7.294970331605616e-05,STRING
157202,REG:READ:HKEY_CURRENT_USER\Software\Microsoft\Windows\CurrentVersion\Internet Settings\Wpad\WpadOverride,7.084780673027116e-05,REG
417084,REG:READ:HKEY_LOCAL_MACHINE\SYSTEM\ControlSet001\Control\CMF\Config\SYSTEM,6.857066872446403e-05,REG
3364661,STRING:.data$r,6.804628557082791e-05,STRING
4542077,STRING:cryptstringtobinarya,6.34120877332478e-05,STRING
6413237,SYSTEM:DLL_LOADED:riched20,6.150083023616656e-05,SYSTEM
4541838,STRING:cryptencrypt,5.63388941769525e-05,STRING
6413491,SYSTEM:GUID:{000214f9-0000-0000-c000-000000000046},5.433712566543293e-05,SYSTEM
6456061,"DROP:TYPE:pc_bitmap,_windows_3.x_format,_164_x_314_x_24",5.139843912181581e-05,DROP
1924020,FILE:OPENED:\\?\pipe\wkssvc,4.7072938247440935e-05,FILE
4793661,STRING:findfirstfileexa,4.1393409298174334e-05,STRING
6468152,SIGNATURE:has_authenticode,3.8135681355427143e-05,SIGNATURE
5640348,STRING:readprocessmemory,1.1153617890349805e-05,STRING
6457252,"DROP:TYPE:pe32_executable_(gui)_intel_80386,_for_ms_windows,_nullsoft_installer_self-extracting_archive",0.0,DROP
